Token,Frequency
which,183
objects,126
light,107
should,104
lenses,104
microscope,78
found,78
photograph,76
writer,75
solution,72
microscopic,68
these,68
their,68
water,67
object,67
plate,66
glass,64
balsam,56
little,55
camera,54
negative,52
being,51
other,49
photo-micrography,48
photography,48
condenser,45
apparatus,45
slide,43
powers,43
those,43
large,41
using,39
great,39
chapter,38
small,37
would,37
while,37
require,36
required,36
necessary,36
about,36
mounted,35
exposure,35
better,35
student,35
there,35
image,34
power,34
stage,34
after,34
plates,33
results,33
crystals,32
placed,32
eye-piece,32
slides,32
obtained,32
swift,32
first,32
place,31
without,31
either,31
useful,31
cover,30
inches,30
difficult,30
until,29
quite,29
through,29
developer,28
easily,28
ordinary,28
before,28
angle,27
price,27
focus,26
microscopes,26
photographing,26
often,26
paper,25
sections,25
possible,25
photo-micrographer,25
generally,25
copper,24
under,24
english,24
bacteria,24
taken,24
position,23
stand,23
perhaps,23
employed,23
every,23
flame,22
transparent,22
piece,22
parts,22
minute,22
instruments,22
however,22
general,22
photo-,22
colour,21
arsenic,21
series,21
negatives,21
several,21
given,21
ounce,20
focussing,20
strong,20
others,20
properly,20
forms,20
following,20
excellent,20
means,20
potash,19
ounces,19
photographs,19
whole,19
above,18
cases,18
short,18
sufficient,18
organisms,18
usually,18
different,18
times,18
micro-,18
medium,17
alcohol,17
insects,17
field,17
prepared,17
various,17
could,17
scientific,17
equal,17
between,16
always,16
strongly,16
working,16
diatoms,16
print,16
become,16
tissues,16
suitable,16
years,16
cheap,16
specially,16
frequently,16
microscopical,16
photographic,16
present,16
grain,15
bleaching,15
becomes,15
gives,15
latter,15
another,15
french,15
section,15
black,15
minutes,15
photographed,15
especially,15
mentioned,15
capable,15
purpose,15
perfect,15
fitted,15
makers,15
still,15
staining,14
mounting,14
turpentine,14
stain,14
gelatine,14
length,14
removed,14
rapid,14
aperture,14
achromatic,14
render,14
alone,14
although,14
process,14
prints,14
valuable,14
beginner,14
larger,14
delicate,14
really,14
preparing,14
clean,13
spirit,13
rapidly,13
ground,13
objective,13
screen,13
diaphragm,13
allow,13
difficulty,13
sub-stage,13
sometimes,13
preparations,13
simply,13
figured,13
where,13
appear,13
bacillus,12
distilled,12
fluid,12
varnish,12
density,12
grains,12
surface,12
together,12
rocks,12
beneath,12
immersion,12
satisfactory,12
definition,12
known,12
useless,12
illumination,12
readily,12
development,12
stands,12
highest,12
produce,12
practice,12
obtain,12
amount,12
public,12
though,11
dried,11
dense,11
perfectly,11
developing,11
paraffin,11
square,11
below,11
sufficiently,11
addition,11
almost,11
thick,11
avoided,11
adjustment,11
owing,11
exposures,11
preparation,11
detail,11
silver,11
unless,11
skill,11
deposits,11
advantage,11
special,11
model,11
smaller,11
collins,11
workmanship,11
making,11
maddox,11
expensive,11
never,11
emery,10
remain,10
dilute,10
drops,10
bromide,10
hardly,10
common,10
powerful,10
method,10
again,10
front,10
three,10
answer,10
brass,10
superior,10
resolving,10
motion,10
coarse,10
largely,10
specimens,10
ready,10
produced,10
makes,10
opaque,10
themselves,10
photo-micrographs,10
sternberg,10
complete,10
messrs.,10
popular,10
photo-micrographic,10
moderate,10
nothing,10
microscopist,10
simple,10
doing,10
carefully,10
google,10
benzol,9
washed,9
hours,9
dissolved,9
slightly,9
metal,9
white,9
shown,9
rather,9
higher,9
sharp,9
shutter,9
fixed,9
mirror,9
mechanical,9
action,9
purchase,9
finished,9
lower,9
least,9
therefore,9
insect,9
brown,9
vegetable,9
practical,9
amongst,9
finish,9
baker,9
opticians,9
appears,9
desired,9
value,9
during,9
materials,9
country,9
subject,9
domain,9
evaporated,8
circle,8
green,8
ammonia,8
sulphite,8
clear,8
second,8
lamps,8
somewhat,8
longer,8
called,8
stated,8
penetration,8
low-angle,8
diatom,8
bull's-eye,8
applied,8
matter,8
messrs,8
shape,8
turned,8
supplied,8
having,8
introduced,8
mount,8
beautiful,8
suited,8
bring,8
photo-micrographers,8
gained,8
operator,8
nature,8
arrangement,8
further,8
details,8
tested,8
costly,8
greater,8
except,8
similar,8
follows,8
information,8
forming,8
resolve,7
cholera,7
stone,7
leaves,7
liquid,7
according,7
specimen,7
portion,7
deposit,7
marked,7
central,7
slowly,7
close,7
bottle,7
hyposulphite,7
immediately,7
citric,7
sodic,7
added,7
oxalate,7
covered,7
sulphate,7
bleached,7
exposed,7
proper,7
washing,7
centre,7
diameter,7
conditions,7
double,7
closed,7
right,7
proceed,7
material,7
edges,7
j-inch,7
remains,7
glycerine,7
satisfactorily,7
foreign,7
distance,7
advised,7
oblique,7
absolutely,7
examined,7
costing,7
usual,7
adjustments,7
firmly,7
increase,7
workers,7
lantern,7
possess,7
impossible,7
since,7
example,7
professional,7
expected,7
beyond,7
skilful,7
structure,7
bodies,7
study,7
graphy,7
number,7
printing,7
requires,7
prove,7
actual,7
thirty,7
fully,7
worker,7
described,7
furnished,7
convenient,7
instrument,7
market,7
microscopy,7
experienced,7
himself,7
papers,7
allowed,7
remove,7
purposes,7
merely,7
world,7
animals,6
disease,6
alcoholic,6
soluble,6
stained,6
coloured,6
colours,6
intended,6
printed,6
soaking,6
intensifier,6
defect,6
examine,6
advantages,6
ferrous,6
pyrogallic,6
holding,6
containing,6
likely,6
seconds,6
quantity,6
certain,6
drying,6
rarely,6
increased,6
wheel,6
extended,6
base-board,6
drawn,6
exactly,6
screw,6
keeping,6
recommended,6
mixture,6
discs,6
closely,6
testing,6
consists,6
nearly,6
upwards,6
clearly,6
admit,6
purchased,6
condensers,6
students,6
objectives,6
lately,6
manufactured,6
sides,6
costs,6
satisfaction,6
suffice,6
passed,6
artificial,6
considerable,6
brought,6
cause,6
proved,6
experience,6
direction,6
former,6
objection,6
probably,6
names,6
transparency,6
thoroughly,6
develop,6
photo-micro-,6
photo-micrograph,6
fabrics,6
interest,6
works,6
referred,6
pieces,6
entirely,6
scope,6
anyone,6
named,6
necessarily,6
optician,6
against,6
society,6
published,6
micrography,6
because,6
search,6
placing,6
order,6
whether,6
whose,6
enough,6
books,6
triplets,5
standard,5
diameters,5
violet,5
whilst,5
anthrax,5
microbes,5
typical,5
itself,5
examination,5
substance,5
reflected,5
nitric,5
regards,5
chlorate,5
point,5
watch,5
treated,5
gently,5
developed,5
soaked,5
potassium,5
strength,5
stock,5
potassic,5
saturated,5
stains,5
opening,5
within,5
effect,5
yellow,5
fairly,5
becoming,5
experiments,5
graphing,5
shall,5
illuminating,5
direct,5
sensitive,5
twelve,5
bellows,5
sliding,5
aside,5
illuminated,5
accustomed,5
troublesome,5
seibert,5
majority,5
wide-angle,5
paraboloid,5
compact,5
cheaper,5
modification,5
cloth,5
ample,5
picture,5
importance,5
steady,5
chief,5
magnesium,5
angulatum,5
among,5
gelatino-bromide,5
class,5
patient,5
marvellous,5
giving,5
taking,5
over-exposed,5
pleasure,5
landscape,5
shows,5
introduction,5
requirements,5
davis,5
instruction,5
anything,5
simplest,5
plain,5
tried,5
denser,5
webster,5
possesses,5
afford,5
desire,5
neither,5
mention,5
london,5
reputation,5
perfection,5
wishes,5
pages,5
manner,5
finally,5
original,5
copyright,5
coated,4
arsenical,4
arsenious,4
health,4
platinum,4
iodine,4
yeast,4
bacilli,4
growth,4
resemble,4
divide,4
fission,4
methods,4
foregoing,4
determine,4
temperature,4
tubes,4
curved,4
spirillum,4
fever,4
cattle,4
acetate,4
chemical,4
sedimentary,4
water-of-ayr,4
appliances,4
filtered,4
bismarck,4
extreme,4
moisture,4
blotting-paper,4
equally,4
treatment,4
salts,4
hydrochloric,4
prepare,4
allowing,4
contrast,4
portions,4
round,4
brush,4
particular,4
application,4
intensification,4
chloride,4
intensifiers,4
bright,4
removing,4
fresh,4
reduction,4
drachm,4
hence,4
sulphurous,4
pound,4
solutions,4
over-exposure,4
neutral,4
strip,4
sample,4
fifteen,4
instance,4
shade,4
abundance,4
putting,4
holder,4
control,4
quality,4
preferable,4
fixing,4
varying,4
internal,4
arranged,4
table,4
attention,4
admirably,4
correct,4
fitting,4
single,4
preferably,4
parallel,4
proposed,4
looking,4
desirable,4
provided,4
cameras,4
flood,4
scales,4
polariscope,4
serious,4
question,4
plane,4
actinic,4
leitz,4
zeiss,4
one-sixteenth,4
recommend,4
histological,4
wider,4
stages,4
arrangements,4
manipulator,4
expert,4
narrow,4
hartnack,4
wants,4
exquisite,4
needed,4
velvet,4
draw-tube,4
full-sized,4
procure,4
things,4
source,4
collection,4
highly,4
running,4
supported,4
heliostat,4
ribbon,4
splendid,4
science,4
respect,4
diseases,4
american,4
twenty,4
sunlight,4
collodion,4
england,4
tongue,4
successfully,4
advise,4
failure,4
difficulties,4
trying,4
opinion,4
photo,4
exposing,4
contents,4
defects,4
operations,4
strange,4
avoid,4
might,4
worked,4
carrying,4
rough,4
simpler,4
largest,4
appeared,4
design,4
worthless,4
sound,4
advanced,4
record,4
practised,4
preface,4
author,4
street,4
reach,4
whatever,4
optical,4
prevent,4
knowledge,4
enter,4
rotation,3
i-in.,3
carry,3
sheet,3
pliers,3
magnifying,3
domestic,3
magnification,3
rotating,3
insert,3
canada,3
dropping,3
resting,3
ocular,3
unfortunately,3
aniline,3
numerous,3
angular,3
spores,3
spore,3
plasm,3
inorganic,3
media,3
motile,3
chain,3
condition,3
vastly,3
altered,3
passing,3
presence,3
across,3
quantities,3
purity,3
earth,3
pasteur,3
haeillm,3
sanitary,3
notice,3
places,3
crystallized,3
crystallize,3
applying,3
aqueous,3
smooth,3
limestones,3
polarised,3
prismatic,3
furnish,3
raphides,3
speedily,3
considerably,3
boiling,3
chloric,3
tests,3
needle,3
mouth,3
abundant,3
pressure,3
selected,3
occasionally,3
obtaining,3
fatal,3
immerse,3
wings,3
texture,3
covers,3
methylated,3
plate-glass,3
needles,3
style,3
elsewhere,3
improve,3
gentle,3
supply,3
thinner,3
leaving,3
covering,3
destroy,3
thicker,3
cotton-wool,3
seems,3
borne,3
pencil,3
cutting,3
background,3
repeated,3
rejected,3
shrinking,3
agent,3
immersing,3
reduced,3
mercury,3
intensified,3
^this,3
arise,3
patch,3
occur,3
scratches,3
trace,3
partially,3
became,3
yield,3
caustic,3
pouring,3
carbonate,3
admissible,3
bottles,3
inside,3
heads,3
necessity,3
oxy-hydrogen,3
adopted,3
height,3
sharpness,3
inserted,3
oiled,3
injurious,3
withdraw,3
light-tight,3
careful,3
rapidity,3
outline,3
scarlet,3
brilliant,3
novice,3
polarized,3
lessened,3
moment,3
command,3
months,3
daylight,3
winter,3
employ,3
attempt,3
milled,3
imperfect,3
concentrated,3
thing,3
maker,3
turning,3
opposite,3
wooden,3
board,3
pushed,3
replaced,3
prefer,3
seeing,3
removal,3
endless,3
consist,3
i-inch,3
shorter,3
slips,3
screws,3
construct,3
camera-front,3
getting,3
alter,3
ought,3
expanding,3
seldom,3
attached,3
reflector,3
apertures,3
injury,3
obliquity,3
brings,3
hemispherical,3
oil-immersion,3
manufacture,3
holbom,3
watson,3
labour,3
defined,3
difference,3
factory,3
satis-,3
visual,3
plenty,3
greatest,3
five-inch,3
limit,3
performed,3
choice,3
leading,3
-inch,3
corrected,3
enable,3
dark-ground,3
markings,3
swinging,3
scopes,3
one-eighth,3
upper,3
adjusting,3
devised,3
revolving,3
adapted,3
well-made,3
quarter-inch,3
low-priced,3
annoyance,3
construction,3
built,3
montsouris,3
minerals,3
chemist,3
patience,3
delicacy,3
chiefly,3
wilson,3
abercrombie,3
prism,3
productions,3
recently,3
received,3
invention,3
illus-,3
modem,3
connection,3
inferior,3
illustrate,3
woodward,3
certainly,3
beauty,3
unsatisfactory,3
draper,3
america,3
continent,3
pressed,3
unequal,3
pretty,3
account,3
worst,3
portrait,3
expose,3
engraver,3
illustration,3
amply,3
course,3
manipulation,3
beginning,3
important,3
allows,3
miorosoopio,3
notes,3
-micrography,3
substances,3
kindness,3
thanks,3
conclusion,3
perform,3
directions,3
trial,3
improved,3
doubtless,3
otherwise,3
possibly,3
convenience,3
performing,3
brewer,3
exact,3
excellence,3
beginners,3
wretched,3
advice,3
space,3
wished,3
written,3
beale,3
trans-,3
repeatedly,3
treating,3
microscopists,3
studies,3
reason,3
holborn,3
photogeaph,3
essential,3
please,3
recognition,3
translation,3
automated,3
discover,3
history,3
legal,3
library,3
preserved,3
concentrically,2
milled-heads,2
tripod,2
sub-stages,2
preferred,2
patronise,2
exceedingly,2
prices,2
prac-,2
resolution,2
knows,2
platte,2
probe,2
besides,2
resolves,2
1-in.,2
2-in.,2
finds,2
small-angle,2
define,2
combinations,2
evidently,2
house,2
sublimate,2
octahedral,2
deposited,2
steel,2
support,2
amplification,2
2-inch,2
random,2
hydro-,2
analysis,2
contamination,2
national,2
poisons,2
electric,2
points,2
utility,2
journal,2
mercer,2
exhibition,2
accident,2
pulley,2
centred,2
crystal,2
centrally,2
polished,2
previously,2
proceeds,2
1-inch,2
attach,2
comparison,2
imaged,2
crowded,2
tubercle,2
compared,2
warming,2
hollis,2
finely,2
acetic,2
surplus,2
pointed,2
roseaniline,2
beautifully,2
granularity,2
secure,2
films,2
iodide,2
osmic,2
magenta,2
methyl,2
pathologist,2
preference,2
state,2
photographically,2
watery,2
ferments,2
natural,2
healthy,2
outside,2
spirochoeta,2
flexible,2
turns,2
spirilla,2
statement,2
animal,2
agents,2
refringent,2
formation,2
eventually,2
variable,2
multiply,2
alkaline,2
mostly,2
virulent,2
odour,2
cilium,2
endowed,2
distinguish,2
correctly,2
pairs,2
micrococcus,2
effects,2
fluids,2
aroeola,2
division,2
divided,2
fungi,2
greatly,2
virus,2
inoculated,2
distinctive,2
retain,2
relation,2
harmless,2
death,2
fermentation,2
daily,2
curve,2
statistically,2
paris,2
april,2
experimenter,2
distributed,2
micro-organisms,2
investigated,2
blood,2
intestines,2
shaped,2
investigations,2
considered,2
evidence,2
comma-shaped,2
forward,2
studied,2
splenic,2
pneumonia,2
phthisis,2
plague,2
something,2
with-,2
brief,2
commences,2
fusion,2
crystallization,2
salicin,2
sulphur,2
morphia,2
dissolves,2
insoluble,2
strychnine,2
driven,2
draughts,2
amorphous,2
evaporation,2
shellac,2
hardening,2
boiler,2
false,2
friction,2
polishing,2
grind,2
^from,2
charged,2
service,2
managed,2
onion,2
rolling,2
middle,2
afterwards,2
eaphides,2
average,2
refuse,2
translucent,2
happens,2
bleach,2
decomposition,2
precipi-,2
sediment,2
tends,2
poured,2
impregnated,2
chlorinated,2
liquids,2
colouring,2
organ,2
distorted,2
saw-flies,2
enveloped,2
stings,2
ovipositor,2
modified,2
caddis-fly,2
preliminary,2
attempted,2
some-,2
taste,2
cooling,2
topping,2
dark-coloured,2
drain,2
expel,2
occupy,2
colourless,2
cements,2
tubing,2
rings,2
cells,2
cement,2
diminish,2
organs,2
preparers,2
solvent,2
dry-mounted,2
dammar,2
wards,2
forceps,2
scissors,2
grinding,2
acids,2
spirits,2
squares,2
pared,2
fancy,2
constant,2
mounter,2
tongues,2
ligula,2
lobes,2
depth,2
wheeler,2
graphed,2
objectionable,2
weeks,2
quickly,2
harmonious,2
reducing,2
apply,2
drained,2
wonld,2
regular,2
accompany,2
effected,2
sensitized,2
graph,2
instead,2
mistake,2
reducer,2
nitrate,2
dight,2
bichloride,2
palpi,2
accompanying,2
cotton-,2
ferricyanide,2
howard,2
hydrogen,2
bichromate,2
impure,2
elastic,2
lined,2
adding,2
occurs,2
improper,2
composed,2
brighten,2
contain,2
contrary,2
uniform,2
rinsed,2
thrown,2
farther,2
remaining,2
photogkaph,2
mixed,2
non-actinic,2
temper,2
glazed,2
atmosphere,2
result,2
^potassium,2
hydrochloride,2
liquor,2
ammonium,2
acting,2
worse,2
letter,2
suffices,2
completely,2
chemicals,2
produces,2
^liquor,2
jounce,2
versa,2
formula,2
trough,2
thinnest,2
under-,2
posures,2
vibration,2
moments,2
blackened,2
softening,2
operators,2
diffused,2
consistent,2
expansion,2
leave,2
adjusted,2
rendered,2
irith,2
block,2
reject,2
instantaneous,2
living,2
advan-,2
prefers,2
period,2
bears,2
ghost,2
serve,2
blues,2
prisms,2
tliat,2
viewed,2
thinness,2
larva,2
think,2
requiring,2
quicker,2
focal,2
depends,2
intensity,2
mination,2
magic,2
marking,2
chance,2
burner,2
china,2
shops,2
camphor,2
vigorous,2
graphs,2
duplex,2
chimney,2
evaporate,2
burnt,2
gallon,2
passage,2
economical,2
illnmination,2
manage,2
advocated,2
comparing,2
constantly,2
continually,2
micrographer,2
distortion,2
standing,2
porcelain,2
tives,2
nega-,2
31icroscopic,2
excepting,2
inclined,2
pictures,2
amplifier,2
racked,2
caused,2
probability,2
hands,2
amateur,2
accuracy,2
moved,2
grooved,2
provide,2
pierced,2
mahogany,2
substituted,2
dealer,2
margin,2
views,2
company,2
lengthened,2
boxes,2
represented,2
clamp,2
thread,2
screwed,2
guides,2
moving,2
constructed,2
microacope,2
press,2
copying,2
pasted,2
apart,2
^inch,2
calico,2
width,2
nicely,2
boards,2
dealers,2
along,2
everything,2
change,2
one-twelfth,2
eighteen,2
enlargement,2
scale,2
whole-plate,2
quarter-plate,2
dark-,2
conjunction,2
stage-plate,2
shades,2
preventing,2
safety,2
object-slide,2
immer-,2
guineas,2
over-,2
selenite,2
spot-lens,2
invaluable,2
attending,2
supplementary,2
allowance,2
determining,2
indistinct,2
accurately,2
coincident,2
chosen,2
unfit,2
cover-glass,2
anatomical,2
four-inch,2
test-objects,2
two-inch,2
comparatively,2
measure,2
depend,2
subjects,2
logical,2
exhibiting,2
conical,2
l-5th,2
priced,2
success,2
renders,2
disposed,2
half-inch,2
widest,2
easier,2
separately,2
separating,2
efficient,2
low-power,2
freedom,2
omitted,2
rack-and-pinion,2
concentric,2
resolved,2
astonishing,2
respects,2
dispensed,2
pattern,2
continental,2
utmost,2
medical,2
lowest,2
characteristic,2
extensive,2
clamped,2
patent,2
microbcope,2
models,2
jackson,2
focussed,2
one-inch,2
eye-pieces,2
takes,2
continual,2
moves,2
gradually,2
solidly,2
rendering,2
estimated,2
researches,2
observatory,2
miquel,2
prance,2
botanical,2
micrographs,2
avail,2
germany,2
france,2
deeper,2
increasing,2
master,2
accomplished,2
connected,2
first-class,2
doubted,2
burning,2
binocular,2
pronounced,2
illustrating,2
"3,000",2
thinks,2
authorities,2
inventor,2
reproduced,2
trated,2
entitled,2
illustrated,2
magnin,2
infectious,2
possession,2
doubtful,2
excelled,2
world-wide,2
attained,2
silvered,2
successful,2
outlines,2
blurred,2
spared,2
darker,2
tolerably,2
scopic,2
entrusted,2
grapher,2
quired,2
engaged,2
regularly,2
extra,2
acquainted,2
throw,2
comes,2
display,2
peculiar,2
incident,2
troubles,2
tedious,2
carried,2
seriously,2
concerning,2
arsenous,2
crystallizations,2
entomological,2
biology,2
satisfy,2
graphic,2
text-books,2
reference,2
matters,2
remedies,2
hoped,2
toning,2
mysteries,2
slightest,2
apparently,2
accessories,2
sizes,2
noted,2
noticed,2
ratus,2
appa-,2
explain,2
remarks,2
cumbrous,2
description,2
possessed,2
powell,2
understood,2
high-priced,2
purchasing,2
caution,2
persons,2
speci-,2
utterly,2
absolute,2
young,2
begin,2
claims,2
needs,2
commencing,2
elementary,2
branch,2
indebted,2
publishers,2
helps,2
severe,2
appearance,2
specific,2
varies,2
states,2
united,2
users,2
assume,2
additional,2
helping,2
people,2
maintain,2
contact,2
character,2
machine,2
research,2
system,2
individuals,2
files,2
non-commercial,2
querying,2
commercial,2
steps,2
resource,2
belong,2
accessible,2
usage,2
marks,2
project,2
kniiumn,1
aolborn,1
giii'grmafiil^,1
ojftifiatif,1
apnicitioi,1
iified,1
icroscopic,1
■^an.^■n,1
ji01lv,1
uiuectlvkij,1
a-'jfe.-,1
oatalogite,1
ilu3tra.ted,1
inlalidk,1
i'tologrifli,1
r*nolri-j,1
atwfhjry,1
snurrkrs,1
k-xposirut,1
oatalogttb,1
rourapur,1
tato.mic,1
wurhiriia,1
qulilv,1
blubetl,1
i'mmn,1
hiiproivj,1
premier,1
instfl,1
stake,1
life-time,1
devoted,1
workmen,1
skilled,1
ashamed,1
provinces,1
execrable,1
buying,1
purchaser,1
ricketty,1
gaudily-lacquered,1
forsooth,1
shaky,1
enahle,1
bronzed,1
famished,1
finest,1
opticians^,1
trader,1
unscrupulous,1
judgment,1
confi-,1
inexperienced,1
insists,1
worlc,1
purse,1
earnestly,1
mechani-,1
accessory,1
tising,1
economic,1
practically,1
photo-mierographcr,1
etsge,1
mirrors,1
solid,1
atodents,1
expressly,1
finisli,1
perfeefaon,1
recognised,1
destined,1
'aperture,1
firmness,1
bringing,1
strike,1
lealand,1
believes,1
optic,1
plete,1
semi-circular,1
twice,1
than*,1
fine-adjustment,1
newest,1
eoyal,1
exhibited,1
feature,1
inclination,1
milled-head,1
marvellously,1
sector,1
trunnions,1
balance,1
replete,1
improvements,1
modify,1
-lighty,1
obliterated,1
poorly,1
structural,1
photo-miorography,1
altogether,1
frustule,1
fibre,1
nerve,1
spot-,1
lever,1
illuminatioii,1
conveniently,1
time-saving,1
ingenuity,1
grateful,1
wasted,1
energy,1
geological,1
polarizing,1
popu-,1
older,1
stops,1
hinge,1
adjustable,1
contracting,1
diaphragms,1
speak,1
water-lenses,1
zeiss^and,1
catalogue,1
serviceable,1
relied,1
eaker,1
sixteen,1
rivalled,1
kraft,1
celebrated,1
germans,1
heavier,1
well-built,1
histolo^cal,1
excel-,1
tised,1
organic,1
test-scales,1
blood-corpuscles,1
angulatumy,1
convex,1
spite,1
aulacodiscus,1
ffemma,1
obtainetl,1
acuminatum^,1
mouer,1
flatter,1
well-,1
with*or,1
uneven,1
gemrim,1
fronts,1
thei-in,1
j-in.,1
^-in.,1
desiring,1
catalogued,1
sidered,1
3-in.,1
tracheae,1
hairs,1
evenness,1
brilliance,1
tages,1
crispest,1
sharpest,1
defining,1
f-inch.,1
angled,1
5-inch,1
4-inch,1
flatness,1
absence,1
fleld,1
painfully,1
photograjph,1
wood-section,1
scries,1
jirbt,1
-power,1
satisfied,1
•chapter,1
tnbe^,1
intends,1
qualities,1
nessy,1
pitchy,1
failing,1
16-inch,1
suffering,1
whence,1
•corrected,1
working-,1
changed,1
-students,1
reputatioui,1
condemning,1
abomination,1
advo-,1
badly,1
unfitted,1
obviously,1
somehow,1
match,1
components,1
haphazard,1
biost,1
very^suitable,1
procurable,1
unable,1
admitted,1
cheapest,1
mgulatum,1
lenses^,1
picked,1
triplet,1
advocating,1
toler-,1
advocate,1
immediate,1
thctm,1
tlsoi,1
familiar,1
hereafter,1
lition,1
iteir,1
ferable,1
cheapness,1
aware,1
obtaiaed,1
unacquainted,1
benefit,1
chaptee,1
det^-,1
accurate,1
fabric,1
druggist,1
twenty-five,1
8-inch,1
guaranteed,1
eeinsch,1
apply-,1
bishopsgate,1
townson,1
boil-,1
eemove,1
shrink,1
begins,1
letting,1
warmed,1
strips,1
redness,1
retort,1
supports,1
stout,1
suspend,1
mickoscopic,1
lipped,1
sealed,1
inchcs,1
sublimed,1
discolouration,1
subli-,1
tiibe,1
cotton,1
heated,1
red-hot,1
laying,1
blotting,1
touched,1
shaking,1
^well,1
completion,1
whicli,1
ingredients,1
coating,1
detect,1
accepted,1
mering,1
lowering,1
noting,1
neath,1
filling,1
suspected,1
included,1
reinscks,1
henry,1
concise,1
guess,1
samples,1
ascertained,1
leqtiired,1
diffusion,1
zeqnire,1
duing,1
aoidy,1
soften,1
foore,1
there-,1
distribution,1
distinctly,1
llfidzbl,1
octa-,1
paziaon,1
locus,1
oystalfi,1
betaken,1
sparsely,1
farongly,1
presenting,1
thickly,1
miceoscopic,1
oryfltab,1
depoeifes,1
dides,1
sdntioii,1
evaporating,1
grpin,1
"10,000",1
flask,1
finely-powdered,1
weigh,1
f.c.s.,1
heisch,1
charles,1
definite,1
arseni*,1
hajf-a-grain,1
include,1
thought,1
unavoidable,1
accidental,1
^would,1
twenty-one,1
yards,1
half-a-,1
leads,1
ahjured,1
manilfacturers,1
manufacturers—,1
nnmbcr,1
committee,1
report,1
estimate,1
international,1
delivered,1
lecture,1
importsuit,1
fihib,1
fuller,1
stomach,1
directly,1
poisonous,1
.uretted,1
powder,1
lungs,1
inhaled,1
danger,1
attended,1
wall-papers,1
chemists,1
eminent,1
vedbythe,1
dress,1
wall-,1
dktegtion,1
jonrnal,1
incandescent,1
boston,1
osgood,1
u.s.a.,1
journ.,1
jbrit,1
chejrne,1
edition,1
millan,1
manual,1
klein,1
particulars,1
kindred,1
cultivation,1
anaerobic,1
oxygen,1
independence,1
aerobic,1
arrive,1
failures,1
surprised,1
relating,1
bibliography,1
summary,1
sacrificed,1
"1,000",1
iunge,1
isbest,1
scarcely,1
high-angle,1
situf,1
centzing,1
objectite,1
homogenous,1
pboto-micrography,1
adaptable,1
fulfil,1
sockiy,1
afieroseopieal,1
boj^al,1
micbosoopic,1
photogbaph,1
iuumina-,1
ftoial,1
chloroform,1
gutta-percha,1
layer,1
couodio-albumen-,1
unground,1
oiling,1
acreaseits,1
attachment,1
binding,1
struts,1
slotted,1
couple,1
idently,1
fixture,1
august,1
eayal,1
mt\iq,1
strut,1
fease,1
missing,1
atiful,1
devices,1
liere,1
substi-,1
finding,1
determined,1
images,1
itional,1
^xnade,1
slido,1
atmospheric,1
affected,1
catgut,1
rotated,1
raised,1
groove,1
braid,1
centring,1
elide,1
movable,1
radius^,1
pin-hole,1
kellner,1
management,1
**.e.,1
flicker,1
lighted,1
trimmed,1
evenly,1
lamp-glass,1
brownish,1
oscopists,1
asily,1
counter,1
shoulder,1
conduce,1
reaching,1
revent,1
tenth,1
bevelled,1
dull-blackened,1
brightness,1
condensing,1
posterior,1
valent,1
diverging,1
converge,1
famish,1
situation,1
eimmonia,1
's-eye,1
precautions,1
addi-,1
attendant,1
observance,1
smajl,1
nisms,1
over-developing,1
formulae,1
sensitiveness,1
posure,1
snatch,1
stationary,1
re-arrange,1
re-examine,1
decide,1
affording,1
arrested,1
magnifica-,1
bamsden,1
venient,1
slightly-converging,1
truly,1
edgewise,1
parafoin,1
single-,1
1-^inch,1
junction,1
tight,1
light-,1
phragm,1
substage,1
the£eld,1
brightest,1
rackwork,1
regulate,1
stagoi,1
itage,1
ndnation,1
illu-,1
assuming,1
inclusive,1
ancesy,1
appll,1
accomplishment,1
ncgatiye,1
satisbctory,1
supposing,1
il0thod,1
paler,1
tinc-,1
orgaxdsm,1
contract,1
dganisms,1
l-8th,1
selection,1
cazefally,1
whichever,1
baciui,1
fonnd,1
acidified,1
^washed,1
pliotographed,1
measurements,1
othera,1
cedar,1
fallen,1
cemented,1
lines,1
liability,1
tilled,1
droplet,1
fewer,1
prevention,1
subi^ide,1
diluting,1
faults,1
networks,1
granu-,1
-contained,1
lying,1
cementing,1
amine,1
uotting-paper,1
over-stained,1
flooded,1
superfluous,1
saucers,1
successive,1
cither,1
contaminated,1
discarded,1
protect,1
sufls.cient,1
float,1
auowing,1
orgcmisms,1
ipreater,1
ring^,1
qaaatity,1
boiled,1
oerman,1
guide,1
osmosis,1
aspergillus,1
penicillium,1
mucor,1
such-like,1
vacuoles,1
granular,1
coarsely,1
thickened,1
tenuity,1
early,1
refracting,1
remembered,1
rotundity,1
improving,1
varnishes,1
proceeding,1
complementary,1
fuschin,1
dufrenne,1
gative,1
consequently,1
violets,1
sundry,1
tineture,1
iniline,1
rose-,1
chrysoidin,1
gentian,1
organ-,1
differentiating,1
histologist,1
particles,1
aguish,1
visible,1
return,1
educational,1
inducing,1
plants,1
fanfp,1
parasitic,1
mildew,1
ffwnmmi,1
glaucus,1
ajbpergiuus,1
cheese,1
mould,1
moulds,1
oommon,1
conidia,1
everywhere,1
abound,1
penicillia,1
hyphomycetes,1
cellular,1
resemblance,1
singly,1
situations,1
mucors,1
zygomycetes,1
irregular,1
bnddingy,1
granules,1
interior,1
lonckm,1
188ff|,1
mecim,1
microtomists*,1
oella,1
fruits,1
qi^ms,1
plentifully,1
ptirposes,1
brewing,1
cultivated,1
romycetes,1
hfbnan,1
circulation,1
money,1
lewis,1
timothy,1
mouths,1
cultivations,1
patients,1
cavity,1
evacuations,1
comma,1
teeth,1
tartar,1
lepothrix,1
vibrio,1
rigid,1
wandering,1
progress,1
volutane,1
flowing,1
undula,1
abrupt,1
counted,1
thirty-eight,1
corkscrew,1
yibrio,1
so-called,1
fspirohacteriaj,1
confirmation,1
entire,1
experimented,1
easil,1
effectual,1
gibbes,1
weigert,1
erhlich,1
pathologists,1
dijfferent,1
devise,1
glasses,1
cover-glasses,1
nodular,1
greyish,1
compressing,1
phthisical,1
sputum,1
straight,1
turbercle,1
metre,1
gramme,1
existing,1
oyooo,1
estimates,1
dr.miquel,1
yaiions,1
infecting,1
charbon,1
lactation,1
cultures,1
pigeon,1
rabbit,1
mated,1
rouget,1
rolence,1
tender,1
attenuated,1
badllus,1
unpleasant,1
communicate,1
irerage,1
bottled,1
sowing,1
rment,1
cautious,1
surround,1
proof,1
variety,1
to'pass,1
serted,1
qocaousas,1
kiely,1
temperatures,1
xface,1
sshljxboiled,1
steeping,1
woolsorters,1
non-motile,1
thelargestandmosttypical,1
possessaperiod,1
posed,1
supporting,1
destructive,1
resistance,1
tenacity,1
possessing,1
liberating,1
.breaking,1
sheath,1
playing,1
favourable,1
differentiated,1
lengths,1
diffe-,1
partitioned,1
intertwining,1
threads,1
separate,1
distinguishable,1
septicoemia,1
rod-like,1
niuroir,1
desfnohaeterta,1
baeilhs,1
^-5-0,1
micromilletre,1
termo,1
bacterium,1
clusion,1
total,1
supplant,1
extent,1
suitahle,1
photometric,1
masses,1
zoogloea,1
chains,1
^^cohn,1
saline,1
mineral,1
purely,1
acetous,1
originate,1
ataleness,1
putridity,1
infusions,1
^mifwftl,1
decomposing,1
smallest,1
properties,1
genic,1
patho-,1
rounded,1
sharply,1
flagellum,1
constriction,1
cylindrical,1
elongated,1
differ,1
mtcrohacteria,1
jbaeterium,1
andna,1
small-pox,1
erysipelas,1
itained,1
acute,1
oihers,1
apparent^,1
sokurs,1
orange,1
indicus,1
nbtlet,1
prodigiosus,1
erownian,1
functions,1
dissimilar,1
duywing,1
solids,1
cnltnre,1
distinguished,1
microscopically,1
appearances,1
aoifphological,1
alkalies,1
refractive,1
surrounded,1
cubic,1
tal^e,1
dixeotiony,1
domb-bells,1
elongate,1
varjring,1
micrococci,1
sphcsrohaeteria,1
mtcroeoeeus,1
respecting,1
•detail,1
influences,1
resist,1
schizomycetes,1
investigators,1
provisionally,1
artific,1
classified,1
characters,1
definii,1
tinguishing,1
discovering,1
belonging,1
kingdom,1
preservation,1
lives,1
affecting,1
ratio,1
bearing,1
strongest,1
immune,1
inoculate,1
virulently,1
carri,1
inoculation,1
virulence,1
investigation,1
continued,1
mains,1
respective,1
iaransmission,1
convertible,1
alterable,1
non-pathogenic,1
hoars,1
twentj-four,1
breeders,1
pathogenic,1
mystery,1
decay,1
building,1
break,1
ttiey,1
eaiuesy,1
companions,1
zymotic,1
▼arioas,1
forpe,1
hqorographer,1
them^,1
enormous,1
energies,1
inherit,1
changes,1
ultimate,1
flcayengers,1
putrefactive,1
numbers,1
minimum,1
maximum,1
detected,1
curiously,1
corres-,1
epidemics,1
oanresy,1
rainfall,1
force,1
preasnre,1
barometric,1
meteoro-,1
curves,1
tabulated,1
apartments,1
sewers,1
cemetery,1
parisian,1
larga,1
streets,1
hospitals,1
tilons,1
observa-,1
annuaire,1
gauthier-villars,1
fatmosphere,1
yivants,1
organismes,1
unique,1
observer,1
tables,1
appropriate,1
collected,1
attheobserva-,1
wherej,1
coastline,1
distances,1
voyages,1
moreau,1
commandant,1
sought,1
berne,1
'crobes,1
habitations,1
mountain,1
later,1
bernese,1
metres,1
"4,000",1
"2,000",1
ranging,1
heights,1
sterilised,1
litres,1
"2,700",1
altitudes,1
freudenreich,1
conducted,1
inhabited,1
cheyne,1
cheshire,1
brood,1
-carefully,1
bombyx,1
silkworm,1
^^fiacherie,1
pehrine,1
comforts,1
contribute,1
diseased,1
associates,1
originators,1
excreta,1
firmatory,1
doubt,1
pursued,1
claim,1
establish,1
ported,1
verified,1
consumption,1
eerlin,1
eoard,1
impeiial,1
researqhes,1
spirillam,1
believed,1
scourge,1
tiodly,1
investiga-,1
lately^,1
discoveries,1
microbe,1
supposes,1
wool-sorter,1
causing,1
hesitation,1
accused,1
inrestigated,1
flesh,1
afflictions,1
leprosy,1
typhoid,1
diphtheria,1
measles,1
cough,1
whooping,1
efysipelas,1
quarter,1
relapsing,1
oonsmnption,1
tubercular,1
glanders,1
louget,1
aspect,1
suspicious,1
ditionsy,1
questioned,1
reader,1
beings,1
olasflification,1
premised,1
ndoiography,1
difficultpart,1
enteringupon,1
oiganisms,1
eacteria,1
generic,1
miimte,1
devote,1
chiptes,1
phloridzin,1
santonin,1
^lass,1
prick,1
pricked,1
radiating,1
of^needles,1
acicular,1
modifications,1
iderobcopic,1
favourite,1
tofaition,1
fqrstals,1
bisulphide,1
carbon,1
lencole,1
preserve,1
silky,1
profusion,1
quinine,1
abohol,1
nlphate,1
bmier,1
narcotine,1
caffeine,1
atropine,1
castor,1
rhombic,1
miqae,1
crystallised,1
bracia,1
rbich,1
hook-like,1
yields,1
picric,1
octahedron,1
ryatals,1
allised,1
crys-,1
raenicy,1
overed,1
test-tube,1
dbp06it,1
cby8tal8,1
sublimation,1
aque-,1
asjog,1
jfrom,1
rosettes,1
platino-cyanide,1
crystallized'from,1
istic,1
abbenic,1
cbystals,1
character-,1
lesoent,1
arbo-,1
eitiier,1
nuisance,1
dtops,1
test-tn,1
confused,1
notung,1
accel,1
normal,1
genuine,1
beautifi,1
crysti,1
vater,1
cable,1
newgate,1
assortment,1
ittell,1
sparent,1
ucture,1
piolarised,1
pround,1
fossils,1
lould,1
forami-,1
pores,1
limpid,1
solu-,1
undergo,1
grinding-stone,1
incrustations,1
friable,1
nished,1
imbed,1
sectiohs,1
stones,1
water-df-ayr,1
-enough,1
finish*,1
thinn,1
requisite,1
rid-melt,1
continue,1
tough,1
volatile,1
mean-,1
polish,1
apiece,1
rubbing,1
eighth,1
hammer,1
fouows,1
flour,1
•coarse,1
fineness,1
degrees,1
turkey,1
tool-shop,1
washita,1
harder,1
n'ext,1
aquare,1
aboat,1
expensiye,1
-derisedfor,1
machines,1
laborious,1
-eotting,1
usisd,1
lator,1
manipu-,1
troaue,1
undertake,1
stndent,1
lapidaries,1
-flold,1
suhstances,1
prsparing,1
gossip,1
beatty,1
stude,1
attai,1
prolong,1
transparei,1
splendidly,1
garlic,1
goose-g,1
galium,1
willow-herb,1
examples,1
fouowiag,1
juice,1
squeeze,1
ibying,1
alcoh,1
plant-crystals,1
cuticles,1
anent,1
tissue,1
scalariform,1
vessels,1
saturation,1
light-coloured,1
ihick,1
^graphed,1
observe,1
noonting,1
transferred,1
completed,1
lisintegrate,1
twenty-four,1
.bout,1
formed,1
sulphuric,1
trans*,1
third,1
aging,1
vessel,1
chloro-,1
obstinately,1
patches,1
facilitates,1
deeply,1
immersed,1
pomade,1
shallow,1
well-corked,1
-coloured,1
stored,1
tated,1
ascertain,1
subside,1
precipitate,1
filter-paper,1
settle,1
quart,1
brittle,1
plant-tissues,1
hastens,1
advisable,1
ferred,1
chlorophyll,1
semi-transparent,1
oatides,1
•etybtala,1
decomposed,1
floated,1
iraahed,1
heating,1
beutzia,1
boroetails,1
grasses,1
stems,1
destroyed,1
mlica,1
nuuiy,1
deutzia^,1
scalus,1
sey-mouirred,1
shallc,1
ligul,1
tongu,1
flies,1
liptera,1
satisfactonj,1
fleas,1
jphaniptera,1
water-boatman,1
cimexlectu,1
heteroptera,1
aphides,1
frog-hoppers,1
homoptera,1
interesting,1
butterflies,1
lepidoptera,1
well-mounted,1
pliot,1
apparatu,1
sawing,1
profession,1
transpai,1
poison-bag,1
dislodged,1
chitine,1
poison-,1
hould,1
sting,1
hymenoptera,1
booklets,1
haching,1
showing,1
wasps,1
jbymenoptera,1
mature,1
mount-,1
raahing,1
repared,1
trichoptera,1
instructive,1
ragon-fly,1
facetted,1
newroptera,1
measuring,1
coriacea,1
phlaeothrips,1
constitute,1
rerywhere,1
swarm,1
crawl-,1
persist,1
summers,1
iible8ome,1
diminutive,1
thyaanoptera,1
haunt,1
creatures,1
kitchens,1
leoimeds,1
orientalia,1
blatta,1
cockroach,1
orthoptera,1
eatment,1
liole,1
earwigs,1
rmaptera,1
nmting,1
worth,1
melolontha,1
antennae,1
cardbus,1
type-foot,1
timarchasy,1
oad-padded,1
dyticub^,1
paddle-foot,1
species,1
^mauy,1
couoptera,1
inseeta^,1
type-,1
indiscriminately,1
tography,1
three-inch,1
prolonged,1
gaining,1
distorts,1
deforms,1
iprocess,1
squashing,1
objected,1
inicroscopists,1
dictate,1
ornamented,1
cabioet,1
cleaned,1
lyaitil,1
bubbles,1
attraction,1
capillary,1
qiutntity,1
sdaau,1
cover-,1
insedf,1
ija^y,1
dissolving,1
baking,1
pi^re,1
iix^t,1
turpjen*,1
successively,1
ictory,1
sfkti^,1
mnch^,1
la^tera,1
ed^bition,1
microbcopic,1
photoababh,1
seventy-two,1
liguloc,1
fty*s,1
examining,1
chitinous,1
yellows,1
browns,1
monnt,1
▼hole,1
lecond,1
displace,1
air-pump,1
coyer,1
expelled,1
abdomen,1
thorax,1
saucer,1
jelly,1
disso,1
nation,1
frequent,1
cyanide,1
killed,1
prepa,1
coaguline,1
broken,1
mending,1
reliable,1
trustworthy,1
marine,1
attaching,1
vario,1
ca^^e,1
monnted,1
reflects,1
snccessfuuy,1
thrips,1
tingis,1
lepisma,1
podura,1
batterflies,1
stractiye,1
available,1
modes,1
hidden,1
wonders,1
fiusetted,1
myriad-,1
beetle,1
diamond,1
elytra,1
gem-spangled,1
butterfly,1
mosaic,1
scrutiny,1
rotcai,1
tenfold,1
unaided,1
apparent,1
beauties,1
tribe,1
displayed,1
gorgeous,1
heauty,1
surpris-,1
catalogues,1
labok,1
treat,1
exejcisi^,1
parent,1
thepi,1
obliterate,1
dry-mounting,1
manage-,1
dexterity,1
l^eing,1
objecti,1
hindrance,1
alkali,1
after-,1
impurities,1
cleanse,1
effectually,1
dirty,1
newly-purchased,1
microbcopio,1
cleanliness,1
learner,1
fragments,1
crumbling,1
stick,1
corks,1
soiling,1
stopper,1
gorers,1
clips,1
dozen,1
knife,1
motions,1
cast-iron,1
iqaare,1
eoerse,1
snlphuric,1
benzoline,1
potassa3,1
commonly,1
circles,1
handles,1
dndes,1
rarer,1
exchange,1
walks,1
'parer,1
lects,1
denied,1
cured,1
visit,1
bnish,1
professionally,1
prepares,1
monevy,1
wholly,1
possessor,1
pleasant,1
harmony,1
contrasts,1
subdue,1
select,1
three-fourths,1
shading,1
makeshift,1
unially,1
unfitness,1
giaphed,1
positively,1
maxillary,1
maxillae,1
antnst,1
collections,1
proboscis,1
lesson,1
oljeot,1
toj^iu,1
cdouty,1
passable,1
looks,1
follow^,1
jiately,1
photo-micrography^,1
totally,1
copic,1
repntat,1
tions,1
edmund,1
specimi,1
lighter,1
turp*,1
amber,1
brown-black,1
female,1
cation,1
corresponded,1
m-wool,1
corresponding,1
showed,1
hazel,1
transverse,1
printing-frame,1
quick-printiug,1
judicious,1
over-print,1
under-print,1
strengthening,1
expended,1
over-dense,1
excess,1
local,1
roughen,1
tarnished,1
ifeftd,1
black-,1
itrengthened,1
inaafflciently,1
painting,1
idackness,1
objectio,1
bharply,1
brdught,1
onc-fifth-inch,1
nunates,1
ezpobnre,1
figored,1
araehnoidincus,1
ahould,1
ontlinea,1
ol^ect,1
ronnd,1
blaek,1
printe,1
bhonld,1
negatires,1
ensae,1
interreiung,1
photogbafh,1
pictnie,1
intrudes,1
penknife,1
fine-pointed,1
trespass,1
follow,1
fallow-,1
bates,1
paint,1
penalty,1
diatoins,1
fittle,1
meroqiy,1
i^yen,1
warmer,1
^loloqr,1
posae,1
packet,1
lamplight,1
lamp-light,1
printhig-frames,1
morgan,1
double-albumenized,1
artists,1
admired,1
engravings,1
l^per,1
salted,1
albumeoized,1
ila\n,1
sheets,1
defective,1
obtainable,1
cellence,1
procured,1
beady-sensitized,1
understanding,1
photo-mic,1
tries,1
photographer,1
caricatur*,1
originals,1
represent,1
microsci,1
mastered,1
foiind,1
cautioned,1
formerly,1
friuing,1
mined,1
aotoal,1
spoiling,1
hasten,1
actioz,1
ferri-cyanide,1
speaking,1
ferri-oyamd,1
farmer,1
frequentiy,1
mercu,1
degree,1
mercurial,1
strengthen,1
slight,1
cream,1
suficien,1
twenty-grain,1
dropi,1
dracbms,1
meantime,1
water^,1
above-named,1
^tric,1
brooks,1
phide,1
sulphide,1
ft^md,1
uniformly,1
mercuric,1
^saturated,1
matt-varnish,1
rained,1
furnishes,1
spider,1
intensify,1
xever,1
matt-,1
coyering,1
miceosoopio,1
piints,1
folly,1
tmnneu,1
nnder-developed,1
under-developmrnt,1
vnder'expoture,1
tires,1
tolerable,1
after-intensification,1
develop-,1
controlled,1
disappeared,1
traces,1
plunge,1
sponge,1
i^tion,1
irypo,1
sodium,1
erricyanide,1
ybak-book,1
paimer,1
leoommonds,1
peroxide,1
solvents,1
3reen,1
ismioma,1
aolphite,1
oreen,1
holds,1
connect,1
besult,1
stray,1
*aeee98,1
oegatiye,1
eeflection,1
usrng,1
corre*,1
^when,1
mefleetion,1
eemedy,1
degraded,1
'^drowned,1
fotverful,1
boundary,1
nasty,1
ether,1
softened,1
improves,1
diffuse,1
remedied,1
levelling,1
plate-maker,1
blame,1
happen,1
uheqtuil,1
exist,1
fiuch,1
numeroiib,1
inphoto-micrograpliic,1
ipiece,1
other-,1
pre^ously,1
observed,1
precau-,1
mantel-,1
doors,1
regarded,1
dumld,1
final,1
liable,1
harden,1
bolution,1
lurar,1
half-an-,1
noeahming,1
entertained,1
whioh,1
creamy,1
over-de,1
hurry,1
rocked,1
tilted,1
blackness,1
alarming,1
unprintable,1
negatites,1
under-exposed,1
trouble,1
doses,1
nnder-expo,1
eolation,1
jsdaaie,1
beeaia,1
appearanceafter,1
theimage,1
aproperly-,1
plack,1
briuianoe,1
ryvrill,1
2-incli,1
anunonia,1
satifitactorily,1
detdl,1
monia,1
diachm,1
ftesh,1
soln-,1
ammoma,1
solntioii,1
hiobosgofig,1
half-plate,1
changing,1
injuriously,1
couodion,1
unsafe,1
eyesight,1
negati,1
sight,1
faili,1
indication,1
reasonably,1
expect,1
fogged,1
endangering,1
ventilate,1
therein,1
parafisn,1
abomina,1
good-,1
external,1
deteriorate,1
acted,1
variation,1
wet-plate,1
restrain,1
signs,1
syphon,1
baied,1
commerce,1
article,1
anhydrous,1
7i-x5,1
^hydrozylamine,1
^hydroxylamine,1
spiller,1
dstdapmg,1
oonoes,1
20-ounce,1
vyauer,1
phite,1
irred,1
compensate,1
phuric,1
hoto-micrographer,1
nseless,1
nlpute,1
sulpliite,1
analysts,1
fioessarily,1
mioboscopio,1
it^is,1
shadows,1
forcing,1
taneous,1
instan-,1
ordir,1
quick-pri,1
pletely,1
fingers,1
fumes,1
noxious,1
qualitieb,1
attributes,1
photogbaphic,1
latit,1
develo,1
elasticity,1
stronger,1
combine,1
l.'-^pyro,1
eminently,1
wluch,1
stolze,1
parmer,1
happily,1
glorious,1
stuff,1
nearest,1
nrchased,1
happening,1
writers,1
stoppered,1
indefinitely,1
ammonise,1
tassic,1
intion,1
oxalic,1
kaline,1
solut,1
content,1
preparatio,1
merit,1
notably,1
photo-micit,1
eerrous,1
dry-plate,1
forced,1
appearing,1
usoall,1
difper,1
convergent,1
stopping,1
zoophyte,1
thickest,1
move-,1
rectangular,1
displacing,1
martini-henry,1
breech,1
segment,1
dropped,1
daptedy,1
arrange,1
frame,1
current,1
continuous,1
perforated,1
rergent,1
^incb,1
incli,1
micro-objectiyes,1
constmotion,1
remaa-,1
wanta,1
■oxy-hydrogen,1
broaght,1
mesera,1
resnlti,1
lantem-microhcope,1
figure,1
references,1
banners,1
irork,1
apartment,1
dispoeal,1
photoqbaph,1
focubbing-acreen,1
oronruu,1
itbei,1
microwupa,1
witti,1
fanrardn,1
bhckvards,1
indmatidg,1
nattaag,1
toemalog,1
gapport,1
mfcraaoope,1
snpport,1
•u*eh,1
foonisiog,1
miorabciipe,1
edddetibern,1
htgneiinm,1
figures,1
disturbing,1
reloping,1
contraction,1
alternate,1
deemed,1
injure,1
walking,1
abstain,1
cease,1
waiting,1
answers,1
ammonio-,1
lamp-,1
averted,1
card-board,1
snitable,1
■ivieable,1
fiometimes,1
poivers,1
affect,1
e^ttnsion,1
opansion,1
moviiig,1
facubaing,1
focusaing,1
coduecting,1
baie-faoacd,1
ecrav,1
winch,1
plillied,1
accom-,1
wtien,1
ndimtil,1
^e-pieoe,1
vhieli,1
proba-,1
reception,1
worthleas,1
illtuuiu-,1
otdtian,1
mobosoopio,1
adjust,1
horizontal,1
^ints,1
^notice,1
choose,1
camenu,1
8h0bt,1
micb0800pb,1
abkanobmbnt,1
shrinkage,1
laughed,1
prilling,1
eastman,1
advising,1
manipulate,1
ctory,1
satis,1
^liie,1
attempting,1
efore,1
blank,1
tromhidiumy,1
gardens,1
half-an-hour,1
subsequent,1
faint,1
aiigtdatuniy,1
statements,1
exaggerated,1
heard,1
began,1
imagine,1
tremendous,1
sufficed,1
midge,1
tints,1
non-actiiiic,1
difierent,1
translated,1
pinks,1
photc^raph,1
tehtte,1
annoyed,1
pbtchoda,1
hidob,1
arrangtiment,1
hotograph7,1
bngoebstnllf,1
polariaoope,1
expoenre,1
necesbitatea,1
condenbei,1
photoobaph,1
polaiiacope,1
ligllt,1
soctiona,1
distingaish,1
constitnents,1
analyse,1
assisting,1
petrology,1
stmotnie,1
complex,1
althongh,1
batisfactorily,1
vainly,1
yelloir,1
bengal,1
limeetone,1
tertiary,1
limestone,1
alveolina,1
an-hour,1
fraction,1
illumina-,1
progresses,1
longed,1
duration,1
£ames,1
shadow,1
broadside,1
difipased,1
level,1
lanterns,1
itsing,1
micboscopic,1
intense,1
adjunct,1
oont^ent,1
beloy,1
ctaiy,1
satia,1
birminghiim,1
micioscope,1
sockett,1
hoiooraph,1
fiddian,1
irill,1
laich,1
clogged,1
wicks,1
racks,1
ittervoir,1
soldered,1
reservoir,1
uncemented,1
pring,1
well-suited,1
unsteady,1
candle-light,1
gaslight,1
brilliancy,1
high-powers,1
cient,1
suffi-,1
broad-wick,1
laoq^,1
abort,1
obfect,1
^long,1
inch|,1
success^,1
dallinger,1
broadestpossiue,1
■ingie,1
pomrers,1
consume,1
photo-mierograpby*,1
adtantc^s,1
miobosoopic,1
eeliable,1
frightening,1
cracking,1
blackening,1
dangerous,1
unflt,1
strong-smeuing,1
focus—,1
superintend,1
arranging,1
attend,1
manipulators,1
necessitates,1
illuminate,1
joints,1
consumes,1
solomon,1
ia'mon,1
calculate,1
mcoad*,1
bftmu,1
tbont,1
hfince,1
ractice,1
ability,1
advent,1
delusion,1
condemned,1
artiflcial,1
instrament*,1
reflecting,1
tating,1
necessi-,1
altering,1
eaith,1
disadvantage,1
illuxnined,1
exhibits,1
photo*,1
compelled,1
appear-,1
fickle,1
duiing,1
brightly,1
shines,1
trouueaome,1
melting,1
catastrophes,1
mantelpiece,1
backs,1
iihem,1
basins,1
capacity,1
4-oz.,1
2-oz.,1
measures,1
dishes,1
ebonite,1
focussing-cloth,1
macintosh,1
already,1
rock-sections,1
objects..,1
agree,1
theoretically,1
negati^,1
theory,1
americans,1
produ,1
microscoj,1
obje*,1
rack-,1
traverses,1
unscrew,1
portability,1
photo-niicrographic,1
distracted,1
perfe,1
mechanic,1
experien,1
home-,1
excel,1
principles,1
slowness,1
extremity,1
tightly,1
horizontally,1
fasten,1
trestles,1
stiffly,1
revolve,1
hollow,1
viewing,1
iv-inch,1
improvement,1
tliickness,1
holes,1
seven,1
^'eemoving,1
focussing^,1
operation,1
vital,1
focussing-glass,1
dark-slides,1
iiame,1
extends,1
sciopticon,1
joiner,1
shortened,1
fashion,1
hand-skill,1
butterfly-nut,1
base^board,1
opened,1
purchased^,1
shoujd,1
base-hoard,1
alide,1
booid,1
vertical,1
tection,1
bellowa,1
extend,1
weighta,1
heavy,1
oardboaid,1
pinching,1
osrefally,1
couapae,1
ecrews,1
unfasten,1
neatly,1
ghooldbe,1
cdgcb,1
book^binder,1
twilled,1
outer,1
paate,1
facing,1
cut-oft,1
thus—,1
acnte,1
oomers,1
cardboard,1
pasting,1
book-binder,1
fastening,1
hoards,1
3iice0sc0pic,1
planed,1
second-hand,1
lists,1
copying*,1
unaltered,1
relative,1
base-boaid,1
requeutly,1
moviag,1
hase-hoard,1
copyiog-,1
pivictlce,1
occasional,1
holidays,1
summer,1
companion,1
focub,1
capital,1
illuetration,1
subjoined,1
expands,1
sixteenth,1
high-power,1
advances,1
-plate,1
learnt,1
accompanies,1
dispense,1
vanisli,1
ligfbted,1
howctcr,1
suocess-,1
illomination,1
gronnd,1
spot^lena,1
wenhara,1
unmouiited,1
moimtod,1
m10e08c0pic,1
photogiapbs,1
sbadovs,1
abolishes,1
bolic,1
plioto-micrographer,1
illuminator,1
opticiana,1
mannfiwtnred,1
parabolic,1
bnll's-eye,1
ircffk,1
expoburea,1
consequent,1
illuminat,1
finely-ground,1
light-modifier,1
drown,1
modifying,1
approaches,1
severely,1
tunity,1
oppor-,1
ebon-,1
adjnnctb,1
ordimtry,1
delighted,1
photo'suorogmpher,1
microeoope,1
£tted,1
focubking,1
test-stops,1
polari-,1
combines,1
coudonser,1
difbeult,1
dodging,1
appaistob,1
nsefol,1
inconvenieotly,1
.\posure,1
powcn,1
alight,1
tjuarter,1
convcnicoce,1
opini,1
ufmany,1
fielj,1
absolately,1
obtainiag,1
■lifficolt,1
for'special,1
eorreeted,1
spoils,1
assert,1
prevails,1
correction,1
diflference,1
ments,1
experi-,1
ocussed,1
one-sixteenths,1
one-twelfths,1
eighth-inch,1
battery,1
profitably,1
eighths,1
fourths,1
collar-,1
''■hick,1
consider-,1
vrhich,1
confidence,1
siebert,1
afiord,1
proposes,1
followed,1
mounts,1
prench,1
intro-,1
nitely,1
infi-,1
petro-,1
testify,1
l-6th,1
working-distance,1
plmrosigma,1
strise,1
concerned,1
whenever,1
tracting,1
surfaces,1
annoying,1
touch,1
rienced,1
expe-,1
handle,1
ascribed,1
rubbish,1
buttons,1
styled,1
adapter,1
tail-piece,1
crank,1
object-glass,1
obliquely,1
medium-size,1
movement,1
necessitate,1
plied,1
tube-fittings,1
objections,1
contrivances,1
appreciate,1
irst-class,1
consideration,1
latest,1
adrisable,1
cramped,1
view^most,1
limits,1
body-tube,1
solidity,1
flcope,1
empty,1
durability,1
efficiency,1
consider,1
englisli,1
batisfaction,1
purchases,1
personally,1
particularly,1
moderate-priced,1
instru-,1
balanced,1
factured,1
manu-,1
college,1
appliance,1
fastidious,1
exacting,1
lifetime,1
cabinet,1
endure,1
microbcofi,1
s-jiodbi,1
smoothness,1
givee,1
rack.and-pinion,1
spiral,1
reflection,1
mate-,1
durable,1
renijera,1
wears,1
fiare,1
velvet-lined,1
graduated,1
immaterial,1
precision,1
port-,1
well-adjusted,1
ill-advice,1
ignorance,1
exquisitely,1
prized,1
wanted,1
truth,1
wherever,1
fails,1
depicted,1
minuteness,1
profusely,1
deseases,1
nected,1
unequalled,1
reinsch,1
barry,1
kocks,1
cohen,1
magnificent,1
witness,1
failed,1
boast,1
services,1
alike,1
petrologist,1
physician,1
biologist,1
botanist,1
auxiliary,1
recognized,1
jffence,1
subservient,1
be^made,1
conservative,1
ourselves,1
valued,1
friends,1
amusement,1
oyster,1
tobacco,1
pourtraying,1
desultory,1
happiness,1
lasting,1
human,1
advancement,1
practise,1
wanting,1
pastime,1
steadily,1
merits,1
trials,1
culties,1
diffi-,1
courage,1
earlier,1
review,1
write,1
intention,1
cahco,1
eyepiece,1
conclusively,1
softness,1
gentlemen,1
characteristics,1
co-workers,1
redmayne,1
shadbolt,1
cessful,1
energetic,1
wenham,1
unsurpassed,1
competent,1
royal,1
contributed,1
continues,1
world-,1
coseinodisd,1
fnistule,1
revolutionised,1
honour,1
yogel,1
laboured,1
well-known,1
heliotype,1
forty-seven,1
text-book,1
delightful,1
heliotypes,1
**the,1
duced,1
recording,1
lowly,1
departments,1
intelligence,1
combined,1
assured,1
limited,1
grand,1
akill,1
inimitable,1
government,1
sense,1
liberality,1
washington,1
museum,1
decry,1
pathology,1
physiology,1
branches,1
employing,1
stantly,1
applications,1
neglect,1
these/,1
executing,1
anyone—,1
equalled,1
pellucida,1
amphtpleura,1
test-diatoms,1
kobert,1
celebrity,1
wood-,1
foremost,1
graphers,1
marvels,1
existence,1
earliest,1
lengthy,1
sitter,1
daguerreotype,1
portraiture,1
powdered,1
sister,1
portraits,1
daguerreo-,1
pioneers,1
enumerate,1
archer,1
europe,1
followers,1
spare,1
prepara-,1
yellow-,1
understand,1
^-^lst,1
succeeded,1
depict,1
occurred,1
writing,1
trips,1
holiday,1
strument,1
gentleman,1
outlay,1
repay,1
profit,1
expense,1
involve,1
contemplate,1
disgust,1
spoil,1
photograplis,1
encounter,1
warned,1
fascinating,1
observation,1
imagination,1
observers,1
delineate,1
faithfully,1
enlargements,1
photo-mictbogkaphy,1
detection,1
bacteru,1
jpbeparing,1
coktents,1
arinting,1
.l^evelopment,1
illumikatino,1
illustrations,1
kindly,1
thank,1
contains,1
dictionary,1
consulted,1
revelations,1
carpenter,1
handy-books,1
carter,1
piper,1
modern,1
burton,1
abney,1
captain,1
bewildered,1
venturing,1
omitting,1
trivial,1
choosing,1
wrong,1
affirm,1
^confidently,1
patterns,1
ingenious,1
calculated,1
novelties,1
confined,1
involved,1
scopist,1
withstanding,1
guinea,1
fifty,1
forty,1
jffarley,1
collin,1
-priced,1
prevents,1
mended,1
recom-,1
workj,1
proves,1
inexperi-,1
-lacquered,1
gaily,1
exorbitant,1
palmed,1
scopical,1
13757,1
knowing,1
forget,1
learn,1
boyal,1
actions,1
journal^,1
monthly,1
-experienced,1
complaint,1
asked,1
-difficulties,1
supposed,1
deterred,1
commence,1
truthful,1
recognizing,1
cvetre,1
dedicated,1
pebmi88iox,1
profited,1
labgblt,1
teachings,1
follower,1
humble,1
pabiko,1
f.r.m.s.,1
^tlsiitktion,1
castle,1
caetee,1
pipee,1
loiraon,1
f.b.m.s,1
additions,1
fhotogsaphic,1
bepeinted,1
nottinohax,1
8cu00l,1
xa8txr,1
arsi8tamt,1
etennings,1
beginnebs,1
photo-miceogeapky,1
lessons,1
iioi.nonif,1
stijeei,1
ffrmval,1
cahtkh,1
fll'jsil,1
uisnos,1
peepabixb,1
cbapteb,1
jbnnikga,1
jrirlkiscoimij,1
photikiltal,1
photo-micrographj,1
handy-bookfl,1
.com/i,1
.google,1
//books,1
|http,1
audiences,1
authors,1
readers,1
universally,1
organize,1
mission,1
liabili^,1
infringement,1
anywhere,1
guidance,1
offer,1
countries,1
believe,1
ensuring,1
responsible,1
remember,1
watermark,1
googxt,1
attributiontht,1
encourage,1
helpful,1
access,1
areas,1
conducting,1
queries,1
refrain,1
personal,1
request,1
designed,1
restrictions,1
technical,1
including,1
parties,1
abuse,1
liave,1
tliis,1
providing,1
nevertheless,1
custodians,1
widely,1
digitize,1
libraries,1
partner,1
proud,1
guidelines,1
publisher,1
journey,1
reminder,1
volume,1
maiginalia,1
notations,1
culture,1
wealth,1
representing,1
gateways,1
expired,1
expire,1
survived,1
online,1
discoverable,1
scanned,1
shelves,1
generations,1
digital,1
